Frequency (Hz),Magnitude
0.0,290.82247239662263
9.547521108465036,1393.8197871145462
19.09504221693007,936.3907845058176
28.64256332539511,646.7484499210773
38.19008443386014,361.7218526825418
47.73760554232518,252.0885484545653
57.28512665079022,170.16161862337856
66.83264775925525,96.4229111065326
76.38016886772029,41.15164690215195
85.92768997618532,55.782480194555795
95.47521108465035,81.7540656703492
105.02273219311539,103.90384378757736
114.57025330158044,115.00927942364912
124.11777441004547,130.9478594979849
133.6652955185105,113.28570382054059
143.21281662697552,97.14029994379302
152.76033773544057,75.1299960067681
162.30785884390562,62.215950846624004
171.85537995237064,57.442083204749785
181.4029010608357,35.5691664887137
190.9504221693007,14.813589883142672
200.49794327776576,41.07203776116174
210.04546438623078,47.367992559161685
219.59298549469582,50.64066911933188
229.14050660316087,44.599475635230306
238.6880277116259,44.33366876939012
248.23554882009094,50.41051925425748
257.78306992855596,48.646065244502054
267.330591037021,48.36690363262917
276.87811214548606,55.70783194090781
286.42563325395105,59.871047160832745
295.9731543624161,39.01847941643814
305.52067547088114,11.996948861786162
315.0681965793462,7.108737504396689
324.61571768781124,21.09131990260463
334.16323879627623,27.333672043512756
343.7107599047413,26.4250761171252
353.25828101320633,27.910545591032434
362.8058021216714,32.96339089058487
372.35332323013637,34.7483543027959
381.9008443386014,32.03122036810172
391.44836544706646,20.620283012909773
400.9958865555315,14.038279690702852
410.54340766399656,16.236985621517213
420.09092877246155,15.578805312362183
429.6384498809266,15.60968480951068
439.18597098939165,6.664935799929664
448.7334920978567,13.92414800657829
458.28101320632175,28.435510086650833
467.82853431478674,36.397185661299275
477.3760554232518,33.4248732631394
486.92357653171683,23.129331826963025
496.4710976401819,11.39204096088578
506.0186187486469,6.307213160751698
515.5661398571119,19.13185571697967
525.113660965577,22.229936344040507
534.661182074042,22.25581857138972
544.2087031825071,21.944191045245283
553.7562242909721,22.893522791234904
563.3037453994372,23.946764015285083
572.8512665079021,27.87332605188917
582.3987876163671,26.382380770312878
591.9463087248322,12.947851395160725
601.4938298332972,6.666710178702521
611.0413509417623,15.259213398828784
620.5888720502273,16.059729175194835
630.1363931586924,17.37709978718679
639.6839142671574,20.187578831977923
649.2314353756225,31.201851925852182
658.7789564840874,32.61335339486642
668.3264775925525,34.385971118628085
677.8739987010175,31.267281783776532
687.4215198094826,19.304612764741375
696.9690409179476,15.905925666427386
706.5165620264127,15.125107831746604
716.0640831348777,15.940959665763398
725.6116042433428,18.77811127539592
735.1591253518078,21.77615784601285
744.7066464602727,19.557519886420977
754.2541675687378,24.328110716490432
763.8016886772028,32.848003520659034
773.3492097856679,40.45318885858548
782.8967308941329,42.723308883580344
792.444252002598,33.067079085629985
801.991773111063,31.375648058874187
811.5392942195281,29.583450393745416
821.0868153279931,27.810962763392368
830.634336436458,22.680418368871774
840.1818575449231,8.219270160411561
849.7293786533882,8.694322629088994
859.2768997618532,15.84709457913908
868.8244208703182,28.49129074088098
878.3719419787833,42.03274637933799
887.9194630872483,59.495655510496775
897.4669841957134,71.91439727323008
907.0145053041784,81.0141284790911
916.5620264126435,124.55646337087178
926.1095475211084,159.6138113023023
935.6570686295735,219.77357034568323
945.2045897380385,310.2728765968228
954.7521108465036,373.8078240399548
964.2996319549686,318.7707296365352
973.8471530634337,227.34775918117106
983.3946741718987,170.94188576301414
992.9421952803638,148.83227286958206
1002.4897163888288,122.48338771605594
1012.0372374972937,130.15386416907208
1021.5847586057588,139.9208005524781
1031.1322797142238,133.01028668200874
1040.679800822689,113.9523775860355
1050.227321931154,90.52376395454539
1059.7748430396189,68.78864664611177
1069.322364148084,50.67613582880024
1078.869885256549,32.51049821872216
1088.4174063650141,29.118377272313186
1097.964927473479,33.10851107594263
1107.5124485819442,43.5513970882654
1117.0599696904092,48.97976252276744
1126.6074907988743,47.59639942770384
1136.1550119073393,60.03939870807383
1145.7025330158042,66.9778532925973
1155.2500541242694,65.99985498134885
1164.7975752327343,46.4523359898497
1174.3450963411995,44.95362224330395
1183.8926174496644,64.40312251197025
1193.4401385581295,71.26270467796213
1202.9876596665945,65.83198072787918
1212.5351807750596,59.71664175568327
1222.0827018835246,73.30187681218682
1231.6302229919895,92.48065062496362
1241.1777441004547,98.97136546520615
1250.7252652089196,84.39966534091047
1260.2727863173848,53.04362126820472
1269.8203074258497,25.288598261137754
1279.3678285343149,10.218502906303055
1288.9153496427798,7.365831567458896
1298.462870751245,7.939320168902074
1308.01039185971,4.0793461947215315
1317.5579129681748,3.164268015223514
1327.10543407664,8.074528913496332
1336.652955185105,14.862139181246507
1346.20047629357,18.33158685503516
1355.747997402035,16.0179198968115
1365.2955185105002,14.240052706495561
1374.8430396189651,17.68132067030168
1384.3905607274303,19.962067103915988
1393.9380818358952,21.066263339178395
1403.4856029443602,23.323707432649453
1413.0331240528253,22.529825916122935
1422.5806451612902,17.817200640377113
1432.1281662697554,12.968230180317365
1441.6756873782203,9.747403633326671
1451.2232084866855,7.661872362298438
1460.7707295951504,7.099497031231193
1470.3182507036156,9.301808325471358
1479.8657718120805,8.412932986663842
1489.4132929205455,4.08917147475009
1498.9608140290106,10.775358776635581
1508.5083351374756,18.26508463969711
1518.0558562459407,24.076421081827554
1527.6033773544057,23.09122114517574
1537.1508984628708,18.77209481909263
1546.6984195713358,23.43979243841287
1556.245940679801,28.63558511303995
1565.7934617882659,28.943373381534037
1575.3409828967308,24.55598140986127
1584.888504005196,26.178287919639686
1594.436025113661,28.65670550974195
1603.983546222126,20.28086816653826
1613.531067330591,18.792034948811622
1623.0785884390561,29.543593108947928
1632.626109547521,28.945711653276007
1642.1736306559862,23.79459147147325
1651.7211517644512,22.515298859360186
1661.268672872916,20.78581831038645
1670.8161939813813,22.515160701798642
1680.3637150898462,23.95080816752555
1689.9112361983114,18.45876862771404
1699.4587573067763,18.150990333517935
1709.0062784152415,22.78895471694342
1718.5537995237064,17.633030472171868
1728.1013206321716,9.198310979550836
1737.6488417406365,3.99463158064903
1747.1963628491014,4.7742961896299185
1756.7438839575666,13.26181587410492
1766.2914050660315,19.394475103296436
1775.8389261744967,23.938927016585087
1785.3864472829616,30.881240986831372
1794.9339683914268,35.69301753727598
1804.4814894998917,36.72095725519938
1814.0290106083569,32.02185499121392
1823.5765317168218,23.48250965409058
1833.124052825287,12.340626430670868
1842.671573933752,2.742800525171453
1852.2190950422168,14.693061270114885
1861.766616150682,25.11349698182137
1871.314137259147,39.64713197032563
1880.861658367612,47.63840685895628
1890.409179476077,35.62413151174025
1899.9567005845422,11.353657860834147
1909.5042216930071,22.558714337929544
1919.0517428014723,50.48236028970443
1928.5992639099372,56.46925764854869
1938.1467850184022,37.05683913256464
1947.6943061268673,8.481356577577966
1957.2418272353323,14.971725724100672
1966.7893483437974,31.59865978627034
1976.3368694522624,34.34742664879416
1985.8843905607275,26.183643785723305
1995.4319116691925,20.13014588461473
2004.9794327776576,27.686345316757713
2014.5269538861226,31.93639998029237
2024.0744749945875,32.74777289961877
2033.6219961030527,34.0352608074507
2043.1695172115176,38.44912173042821
2052.7170383199827,37.874225091906936
2062.2645594284477,31.9162971341648
2071.8120805369126,33.11143995838607
2081.359601645378,38.6008675802898
2090.907122753843,41.70045927680264
2100.454643862308,39.68440229819408
2110.002164970773,28.679690078858265
2119.5496860792377,8.27324329278811
2129.097207187703,37.01659313239998
2138.644728296168,51.35515024992519
2148.192249404633,51.833636568122586
2157.739770513098,61.73806635504467
2167.2872916215633,79.26358004701558
2176.8348127300283,101.72554323622904
2186.382333838493,128.12667060464742
2195.929854946958,154.0209143980146
2205.477376055423,157.76228059462525
2215.0248971638885,135.02329689461635
2224.5724182723534,106.97523762961508
2234.1199393808183,87.8501762203169
2243.6674604892833,73.41496461371302
2253.2149815977486,61.217832609259546
2262.7625027062136,50.6586672361922
2272.3100238146785,39.795382271836935
2281.8575449231435,30.902657255645632
2291.4050660316084,24.949997049907566
2300.952587140074,19.530197680862667
2310.5001082485387,13.051726727971264
2320.0476293570036,7.487159296888025
2329.5951504654686,5.216206498929652
2339.142671573934,9.274717678378297
2348.690192682399,12.429770483428639
2358.237713790864,15.335561879770447
2367.7852348993288,15.102725729723655
2377.3327560077937,12.015112698578003
2386.880277116259,9.223314642386137
2396.427798224724,9.228397999691179
2405.975319333189,7.434270827466475
2415.522840441654,2.1003867590297975
2425.0703615501193,8.590647338872635
2434.617882658584,10.163338983201195
2444.165403767049,8.184471955492517
2453.712924875514,10.806945237351723
2463.260445983979,14.776057120959578
2472.8079670924444,19.83380500231272
2482.3554882009093,23.115586969635924
2491.9030093093743,22.445930546562835
2501.450530417839,17.58424819220751
2510.9980515263046,16.484304434022476
2520.5455726347695,16.890712426527216
2530.0930937432345,16.26601490857106
2539.6406148516994,13.244232270166895
2549.1881359601643,12.968475155327063
2558.7356570686297,12.883124521797658
2568.2831781770947,11.35927862516299
2577.8306992855596,9.354313519580566
2587.3782203940245,8.269030234496975
2596.92574150249,7.662881317391026
2606.473262610955,7.328748234360611
2616.02078371942,5.95358391383927
2625.5683048278847,3.5447925634566864
2635.1158259363497,4.521501721463554
2644.663347044815,4.1031844473525165
2654.21086815328,4.644304304232482
2663.758389261745,7.634300341304064
2673.30591037021,10.033180586096835
2682.8534314786752,11.529690208238785
2692.40095258714,9.36017258135981
2701.948473695605,4.185105591661664
2711.49599480407,2.8381984363101966
2721.043515912535,1.6957672586862915
2730.5910370210004,7.120853901042641
2740.1385581294653,13.669815075274384
2749.6860792379302,14.876862741370115
2759.233600346395,13.916929362149668
2768.7811214548606,10.372597078872369
2778.3286425633255,6.394840849734556
2787.8761636717904,3.0705858999732323
2797.4236847802554,2.4987707705324613
2806.9712058887203,4.049717152794525
2816.5187269971857,4.761230933784264
2826.0662481056506,15.354988349965579
2835.6137692141156,21.421175845179338
2845.1612903225805,17.0486328610779
2854.708811431046,26.093221866497625
2864.256332539511,39.247498104201625
2873.8038536479758,35.72295443705986
2883.3513747564407,28.16747559945277
2892.8988958649056,36.17858376608276
2902.446416973371,36.223047248072135
2911.993938081836,29.34015645489211
2921.541459190301,25.850653186045218
2931.088980298766,25.045036705842893
2940.636501407231,27.082360496970622
2950.184022515696,22.76081658057745
2959.731543624161,14.050971786364034
2969.279064732626,9.376525359127474
2978.826585841091,13.311694248912424
2988.3741069495563,18.832431897905018
2997.9216280580213,19.155293446290067
3007.469149166486,24.075508170022893
3017.016670274951,28.15018126596734
3026.5641913834165,26.56599055679751
3036.1117124918815,18.38782257677651
3045.6592336003464,8.736001148789448
3055.2067547088113,18.711451257490257
3064.7542758172763,29.552310128205196
3074.3017969257417,32.27840970403781
3083.8493180342066,25.312008860371435
3093.3968391426715,23.624205016981833
3102.9443602511365,27.685524681344155
3112.491881359602,22.187462928112712
3122.039402468067,6.302553387288802
3131.5869235765317,19.523741344819292
3141.1344446849967,43.71204873661419
3150.6819657934616,62.993396038316405
3160.229486901927,68.6294876291677
3169.777008010392,57.76528523396676
3179.324529118857,44.389004894018
3188.872050227322,40.13818248349671
3198.419571335787,36.882303580920706
3207.967092444252,27.868566925064812
3217.514613552717,16.74095539322345
3227.062134661182,9.863972182854274
3236.609655769647,8.084677005650768
3246.1571768781123,5.771230469279499
3255.7046979865772,5.237406216944312
3265.252219095042,8.434402476648582
3274.799740203507,13.62996035128138
3284.3472613119725,16.18884443920824
3293.8947824204374,15.523044545214248
3303.4423035289024,12.421480215974972
3312.9898246373673,9.498324049410769
3322.537345745832,8.284739251220582
3332.0848668542976,11.237173076612365
3341.6323879627626,15.228912716366217
3351.1799090712275,15.26058728862127
3360.7274301796924,13.178055258671316
3370.274951288158,13.201310239944867
3379.8224723966227,12.530734756961538
3389.3699935050877,8.37755148924457
3398.9175146135526,5.917012173461195
3408.4650357220175,8.236579157043698
3418.012556830483,8.904165246108043
3427.560077938948,9.516374786568793
3437.107599047413,12.095182759985796
3446.6551201558777,12.9610106105385
3456.202641264343,12.19443818486863
3465.750162372808,14.355344159825272
3475.297683481273,16.43192026654382
3484.845204589738,16.283245676950692
3494.392725698203,15.356642648735509
3503.9402468066683,14.065647851295598
3513.487767915133,10.797310514144867
3523.035289023598,8.02018585414315
3532.582810132063,6.641858762283594
3542.1303312405284,7.402499899272421
3551.6778523489934,6.958105192175008
3561.2253734574583,5.650411995202346
3570.7728945659233,9.491493629365019
3580.320415674388,13.949311917362968
3589.8679367828536,16.089890504281588
3599.4154578913185,16.173972065595454
3608.9629789997834,14.733917600577698
3618.5105001082484,9.400894878690501
3628.0580212167138,4.066897538854864
3637.6055423251787,5.804980856811892
3647.1530634336436,8.569649716298914
3656.7005845421086,11.19384053822726
3666.248105650574,10.058637832490424
3675.795626759039,8.763509750572906
3685.343147867504,18.737805431977637
3694.8906689759688,22.22455215046136
3704.4381900844337,14.709608096150642
3713.985711192899,9.326200341987269
3723.533232301364,9.000419197341756
3733.080753409829,10.154025625161948
3742.628274518294,12.21506552779028
3752.1757956267593,10.745433232216989
3761.723316735224,7.015144513814608
3771.270837843689,8.08950610327827
3780.818358952154,10.44215895314569
3790.365880060619,13.246172640581003
3799.9134011690844,16.95744289093613
3809.4609222775493,18.701615173988046
3819.0084433860143,19.18720013197415
3828.555964494479,17.882397242152166
3838.1034856029446,13.591228771561639
3847.6510067114095,11.424719596776272
3857.1985278198745,8.302289775222837
3866.7460489283394,4.468973943415824
3876.2935700368043,4.849480349164853
3885.8410911452697,6.611989421527352
3895.3886122537347,8.855975945159202
3904.9361333621996,9.945013554977756
3914.4836544706645,11.044008823063837
3924.03117557913,13.092521215868892
3933.578696687595,12.920193823053621
3943.12621779606,12.464035770798176
3952.6737389045247,12.783605563655168
3962.2212600129897,13.731546990388388
3971.768781121455,12.364300969132348
3981.31630222992,7.9837499502591385
3990.863823338385,10.93365097645548
4000.41134444685,15.461667722262366
4009.9588655553152,13.508566699870151
4019.50638666378,10.385969944838783
4029.053907772245,10.047026762169846
4038.60142888071,10.778841163934331
4048.148949989175,13.204182505774966
4057.6964710976404,14.416232042155064
4067.2439922061053,23.595011068912633
4076.7915133145702,31.612557594043693
4086.339034423035,34.27953793136691
4095.8865555315006,43.427293251700654
4105.4340766399655,57.528741784147684
4114.98159774843,56.815380443118734
4124.529118856895,39.69874674754744
4134.07663996536,22.32066034656684
4143.624161073825,16.092316807154095
4153.17168218229,15.39956836096597
4162.719203290756,18.974044173458267
4172.266724399221,17.99880223920913
4181.814245507686,9.330434199049487
4191.361766616151,7.760889336828441
4200.909287724616,19.007484393563725
4210.456808833081,28.528872463333823
4220.004329941546,32.073109945133375
4229.551851050011,28.917272427181064
4239.0993721584755,21.201686205446833
4248.646893266941,18.462424042714634
4258.194414375406,25.16581795928733
4267.741935483871,30.234524369876354
4277.289456592336,30.28241180860091
4286.836977700801,27.09518817323046
4296.384498809266,22.187673454709152
4305.932019917731,23.142705293026577
4315.479541026196,28.100858970598665
4325.027062134661,30.64389331622563
4334.574583243127,31.36692503851221
4344.122104351592,33.633456809616305
4353.6696254600565,35.18661205202079
4363.2171465685215,34.006852610980104
4372.764667676986,35.975499129908656
4382.312188785451,40.88074716015812
4391.859709893916,43.389621486509
4401.407231002381,40.502787728845725
4410.954752110846,35.11073062583419
4420.502273219312,29.13927140509041
4430.049794327777,27.363482210100372
4439.597315436242,30.088570836100196
4449.144836544707,37.114905644453714
4458.692357653172,43.77352113552663
4468.239878761637,44.443956716109604
4477.787399870102,39.917709789941505
4487.3349209785665,32.13549679017413
4496.882442087031,25.53352252198294
4506.429963195497,22.185765012850645
4515.977484303962,20.171523581699564
4525.525005412427,16.245254411651924
4535.072526520892,9.958135075984917
4544.620047629357,5.60738939098498
4554.167568737822,4.431332545365303
4563.715089846287,7.346569062113718
4573.262610954752,9.472230642417223
4582.810132063217,7.6111714643065955
4592.357653171683,3.1815642231874772
4601.905174280148,6.904988735835393
4611.4526953886125,10.699811089062168
4621.000216497077,12.968894008689603
4630.547737605542,12.603306859295309
4640.095258714007,8.321947084863774
4649.642779822472,8.031265714161306
4659.190300930937,13.074711754383468
4668.737822039402,14.06905868331619
4678.285343147868,11.98280954995035
4687.832864256333,11.412271109213668
4697.380385364798,13.705580701167017
4706.927906473263,14.654917696393696
4716.475427581728,12.671105545263698
4726.022948690193,8.976930904944012
4735.5704697986575,6.569707509387671
4745.1179909071225,11.444690862033205
4754.665512015587,12.733677760374709
4764.213033124053,12.27458568761993
4773.760554232518,13.078588406401058
4783.308075340983,9.855838562319052
4792.855596449448,4.023715469698047
4802.403117557913,2.8175820389839057
4811.950638666378,6.060430333707583
4821.498159774843,9.082381843911163
4831.045680883308,9.684385165128452
4840.593201991773,9.571724514982481
4850.140723100239,6.807923039612134
4859.6882442087035,0.09115026121510894
4869.235765317168,6.720506756711982
4878.783286425633,8.601921815151195
4888.330807534098,6.780122123352746
4897.878328642563,4.112883723144531
4907.425849751028,2.1283704284619245
4916.973370859493,4.91125100473198
4926.520891967958,8.504957295121505
4936.068413076424,10.269854049155715
4945.615934184889,9.538117135587838
4955.163455293354,7.900395694074887
4964.710976401819,3.679653444219068
4974.258497510284,4.596791503425106
4983.806018618749,9.971961006268032
4993.3535397272135,11.8384101193596
5002.901060835678,10.181770470056275
5012.448581944143,8.291541524667577
5021.996103052609,9.581221574924593
5031.543624161074,9.01375687840523
5041.091145269539,9.23129405435982
5050.638666378004,8.642916682337054
5060.186187486469,3.4118996744626213
5069.733708594934,5.655635417093226
5079.281229703399,14.621711687353434
5088.828750811864,19.17007211862103
5098.376271920329,16.935119572784846
5107.9237930287945,9.525645907986865
5117.4713141372595,0.26154751012346833
5127.018835245724,8.52902834170809
5136.566356354189,13.558459613179156
5146.113877462654,14.89366868519378
5155.661398571119,11.757423099156933
5165.208919679584,4.835499436868199
5174.756440788049,4.380099592202521
5184.303961896514,10.744910641704148
5193.85148300498,13.728973583637243
5203.399004113445,13.529403421354656
5212.94652522191,9.204937933624267
5222.494046330375,2.833673808412085
5232.04156743884,3.758921551845153
5241.5890885473045,6.334749353372792
5251.1366096557695,6.061233592778709
5260.684130764234,6.120591984380201
5270.231651872699,4.643621449670073
5279.779172981165,10.791919145071176
5289.32669408963,19.217959478352057
5298.874215198095,24.231650768484723
5308.42173630656,27.778494951911505
5317.969257415025,29.452872938278887
5327.51677852349,28.394212704105136
5337.064299631955,28.26153664011011
5346.61182074042,30.926830662492833
5356.159341848885,32.66817591913729
5365.7068629573505,29.298044889871523
5375.254384065815,21.22574790942455
5384.80190517428,13.485287376138736
5394.349426282745,7.3570490432644755
5403.89694739121,1.9735796434898398
5413.444468499675,2.981294884756827
5422.99198960814,7.498942882086408
5432.539510716605,13.157067993280428
5442.08703182507,16.135416201241874
5451.634552933536,16.221392115516107
5461.182074042001,17.74461847031277
5470.729595150466,21.59995747660272
5480.277116258931,24.08404106099533
5489.824637367396,23.906359826745863
5499.3721584758605,21.588210040833616
5508.919679584325,17.45967389732776
5518.46720069279,12.770486972357123
5528.014721801255,8.823319848465443
5537.562242909721,9.822912759083195
5547.109764018186,11.675846948201867
5556.657285126651,11.633866633128747
5566.204806235116,8.69651186300603
5575.752327343581,6.684005186967895
5585.299848452046,6.525834457933829
5594.847369560511,2.1167079764152734
5604.394890668976,9.886154686065048
5613.942411777441,14.270277928885443
5623.4899328859065,11.468880654019955
5633.037453994371,6.6218429501446705
5642.584975102836,2.1077392576969096
5652.132496211301,4.621310317217599
5661.680017319766,9.351047722216734
5671.227538428231,12.042133353699832
5680.775059536696,14.971157021396063
5690.322580645161,17.53257488234225
5699.870101753626,17.559864221625613
5709.417622862092,15.186310114322687
5718.965143970557,10.017690010924783
5728.512665079022,3.6074228603189242
5738.060186187487,1.1794595618306245
5747.6077072959515,3.346223244945717
5757.155228404416,4.11279887909482
5766.702749512881,1.847186746045038
5776.250270621346,0.9289741963481721
5785.797791729811,3.3403103097152
5795.345312838277,7.681392909978534
5804.892833946742,12.105917115626374
5814.440355055207,13.921605326437467
5823.987876163672,11.89928963860902
5833.535397272137,8.906634673955596
5843.082918380602,11.062617957128039
5852.630439489067,14.147779029763193
5862.177960597532,16.015258463455623
5871.725481705997,16.640650215804897
5881.273002814462,15.009783012236383
5890.820523922927,12.395655948545404
5900.368045031392,10.026916700025813
5909.915566139857,3.583311674983848
5919.463087248322,6.643003378980363
5929.010608356787,13.304357919111473
5938.558129465252,15.014967756657278
5948.105650573717,15.534290678931505
5957.653171682182,15.765917510897367
5967.200692790648,12.963976051458067
5976.748213899113,10.550220562369953
5986.295735007578,10.307272291324804
5995.8432561160425,7.021000193480669
6005.3907772245075,3.7463340170920154
6014.938298332972,7.2922250793628525
6024.485819441437,8.39734077672917
6034.033340549902,6.245852921641294
6043.580861658367,5.877324912811127
6053.128382766833,8.213106519586411
6062.675903875298,9.079395839158032
6072.223424983763,7.239641436891105
6081.770946092228,5.558422273065094
6091.318467200693,7.7952408499576995
6100.865988309158,12.050474765218945
6110.413509417623,14.470863902170201
6119.961030526088,14.227584134827524
6129.5085516345525,13.171640526930693
6139.056072743018,11.185157408975002
6148.603593851483,9.066717219640788
6158.151114959948,8.460063179819715
6167.698636068413,7.980277079071272
6177.246157176878,8.345064108386426
6186.793678285343,7.656336989483969
6196.341199393808,4.021681292171769
6205.888720502273,2.1525007097182476
6215.436241610738,8.823627486706277
6224.983762719204,15.103793362576369
6234.531283827669,20.93523096240966
6244.078804936134,24.33110655019248
6253.6263260445985,23.037249204281135
6263.173847153063,18.606004288163934
6272.721368261528,14.986546139229638
6282.268889369993,14.132840627929609
6291.816410478458,13.64141555909468
6301.363931586923,13.636385457329974
6310.911452695389,14.666076953777042
6320.458973803854,16.02974688338819
6330.006494912319,15.947716439733835
6339.554016020784,14.985043795334397
6349.101537129249,13.773263900901421
6358.649058237714,13.77461154393477
6368.196579346179,14.4387826438873
6377.744100454644,15.694723453496822
6387.2916215631085,15.68587445429023
6396.839142671574,13.563565084567141
6406.386663780039,10.186169761150346
6415.934184888504,7.397735507442483
6425.481705996969,6.733531997859906
6435.029227105434,5.534808300997125
6444.576748213899,3.924129226283065
6454.124269322364,1.9028613973097308
6463.671790430829,1.3841706258038438
6473.219311539294,2.3309635472848367
6482.76683264776,3.7724089926657594
6492.314353756225,5.805462298568685
6501.8618748646895,5.871509328908521
6511.4093959731545,6.58132090602251
6520.956917081619,9.058833706854074
6530.504438190084,9.779995206957249
6540.051959298549,8.665301805438402
6549.599480407014,7.77530330518762
6559.147001515479,7.894247067936483
6568.694522623945,7.240548838315769
6578.24204373241,7.50734825573019
6587.789564840875,8.298862340500033
6597.33708594934,9.226111671594671
6606.884607057805,9.575884660431926
6616.43212816627,7.615849543375151
6625.979649274735,4.6078426172454225
6635.5271703831995,3.2613872207256054
6645.074691491664,2.4923103236646087
6654.62221260013,2.1428055331459714
6664.169733708595,4.268896480932244
6673.71725481706,7.655432965918977
6683.264775925525,9.561611551402649
6692.81229703399,9.26304790647865
6702.359818142455,7.421068494896738
6711.90733925092,5.639402532401784
6721.454860359385,6.432348718962502
6731.00238146785,8.80773820464363
6740.549902576316,11.294658012756432
6750.097423684781,12.576815936718964
6759.6449447932455,13.241179246636985
6769.19246590171,12.972940477839614
6778.739987010175,9.62975562069596
6788.28750811864,4.626704200209998
6797.835029227105,0.7709895203311056
6807.38255033557,3.1737927924727685
6816.930071444035,4.335183488356035
6826.477592552501,2.9291430258921713
6836.025113660966,0.9631500293924709
6845.572634769431,5.154403142478613
6855.120155877896,8.480869711203324
6864.667676986361,9.177076144406588
6874.215198094826,8.589453838912497
6883.7627192032905,6.950548771776057
6893.3102403117555,5.955725288675274
6902.85776142022,4.886354962761778
6912.405282528686,2.588520979331474
6921.952803637151,1.4272299422156696
6931.500324745616,1.3824425121559905
6941.047845854081,6.243547506665608
6950.595366962546,10.681835825074455
6960.142888071011,11.859399863267555
6969.690409179476,12.098968376511449
6979.237930287941,12.005351395190345
6988.785451396406,11.310095290504893
6998.332972504872,10.61656524968377
7007.8804936133365,9.951125760760672
7017.428014721801,8.77570442093325
7026.975535830266,7.528701183607
7036.523056938731,8.306116160087464
7046.070578047196,9.087415020389649
7055.618099155661,6.715507155108838
7065.165620264126,1.4729350636649248
7074.713141372591,5.328073968846683
7084.260662481057,11.005300302298933
7093.808183589522,13.193189115588835
7103.355704697987,12.955419321751897
7112.903225806452,11.02388045802519
7122.450746914917,7.193904750853756
7131.998268023382,2.889658910882276
7141.5457891318465,4.0548836510283985
7151.093310240311,13.179315674774198
7160.640831348776,21.780797875055192
7170.188352457242,24.66147743803843
7179.735873565707,21.599956283980134
7189.283394674172,16.6760773397536
7198.830915782637,10.880340097405238
7208.378436891102,3.8952208247612905
7217.925957999567,4.159034901794026
7227.473479108032,6.894643131002233
7237.021000216497,10.481546608141736
7246.568521324962,14.297442258183276
7256.1160424334275,14.637893509949155
7265.6635635418925,11.096354764922705
7275.211084650357,7.805907741548565
7284.758605758822,6.692099740926103
7294.306126867287,4.5292533019668655
7303.853647975752,0.8670267120181551
7313.401169084217,2.1443577931507267
7322.948690192682,3.498332802038962
7332.496211301148,6.81286606381361
7342.043732409613,10.213340789904166
7351.591253518078,11.819003578399103
7361.138774626543,11.975851609550642
7370.686295735008,11.316526571846408
7380.233816843473,10.278772615288977
7389.7813379519375,10.150984936580485
7399.3288590604025,11.213846422004023
7408.876380168867,12.460428174092282
7418.423901277333,11.47108130526347
7427.971422385798,9.70904141559331
7437.518943494263,8.336749190159022
7447.066464602728,8.487922678783088
7456.613985711193,8.315199768249332
7466.161506819658,8.800036838844454
7475.709027928123,8.909503248899789
7485.256549036588,8.217263642061758
7494.804070145053,7.486005105831847
7504.351591253519,7.75856784810563
7513.8991123619835,6.329770532701001
7523.446633470448,4.91224044677605
7532.994154578913,5.179521279791098
7542.541675687378,6.827449095488792
7552.089196795843,7.763794180101083
7561.636717904308,7.951534067035051
7571.184239012773,6.553371083799094
7580.731760121238,4.398247185206104
7590.279281229704,2.641605060569108
7599.826802338169,3.126237201506901
7609.374323446634,4.609079887507819
7618.921844555099,6.2296614547673235
7628.469365663564,7.6087595684973275
7638.016886772029,7.125048089146222
7647.5644078804935,5.748906416819915
7657.111928988958,6.803089171065854
7666.659450097423,8.51853795552281
7676.206971205889,9.763774249692364
7685.754492314354,11.159130058227566
7695.302013422819,11.717049717061556
7704.849534531284,10.366186572339657
7714.397055639749,7.643181829729095
7723.944576748214,3.674596003180395
7733.492097856679,1.6843686596503094
7743.039618965144,7.617497068270268
7752.587140073609,11.70944368332185
7762.1346611820745,12.647438859869444
7771.6821822905395,10.651427500104786
7781.229703399004,7.803175502357979
7790.777224507469,7.307080739747021
7800.324745615934,8.948505046983165
7809.872266724399,10.688339553856245
7819.419787832864,8.367741194532964
7828.967308941329,3.2269509241681025
7838.514830049794,1.1313624377008118
7848.06235115826,2.131318105873883
7857.609872266725,4.288463419357214
7867.15739337519,6.355830880955403
7876.704914483655,6.122098106647955
7886.25243559212,3.684806087928309
7895.7999567005845,1.274477152318081
7905.347477809049,6.151783876246639
7914.894998917514,10.514743366778424
7924.442520025979,11.777099694095558
7933.990041134445,10.604605210261774
7943.53756224291,9.124998753869729
7953.085083351375,7.8824321690044235
7962.63260445984,5.6299263442467655
7972.180125568305,3.6463996709309505
7981.72764667677,3.5968726487961535
7991.275167785235,4.665303446895713
8000.8226888937,4.683315563462793
8010.370210002165,1.749345991444055
8019.9177311106305,2.098943300882784
8029.465252219095,6.171059159703016
8039.01277332756,10.420146322639775
8048.560294436025,13.893609976903186
8058.10781554449,15.114611847106898
8067.655336652955,14.539342972229143
8077.20285776142,12.686865050921037
8086.750378869885,11.52572716505873
8096.29789997835,9.93721157426287
8105.845421086816,6.349922951386534
8115.392942195281,1.7609890583948502
8124.940463303746,4.3336813275480885
8134.487984412211,8.370940060319747
8144.0355055206755,11.745068986406048
8153.5830266291405,13.735328822975756
8163.130547737605,13.764725452692183
8172.67806884607,12.948773357569568
8182.225589954535,12.408351223452266
8191.773111063001,13.09680272051208
8201.320632171466,13.586402368444714
8210.868153279931,14.562175906660649
8220.415674388396,16.40009115296155
8229.96319549686,16.106780648916565
8239.510716605326,13.46773267427208
8249.05823771379,10.156999123919583
8258.605758822256,8.385859790428523
8268.15327993072,8.698273371226122
8277.700801039186,9.489832764383875
8287.24832214765,8.858350036810428
8296.795843256115,5.151475013873398
8306.34336436458,1.679846152660513
8315.890885473045,3.6499273179406218
8325.438406581512,5.452621712210934
8334.985927689977,4.478986651524889
8344.533448798442,1.1642543280654076
8354.080969906907,5.549285354506166
8363.628491015372,10.71242357426808
8373.176012123837,12.655421633811791
8382.723533232302,11.689354102102612
8392.271054340767,9.472316018824111
8401.818575449232,7.59368844340008
8411.366096557696,5.681013360260751
8420.913617666161,2.5483192641141996
8430.461138774626,2.7975647604663885
8440.008659883091,6.273117747121427
8449.556180991556,7.359450134099773
8459.103702100021,7.138794129049633
8468.651223208486,6.660363905556454
8478.198744316951,6.4839858465212545
8487.746265425416,7.556792753035556
8497.293786533883,7.301948058376396
8506.841307642348,5.461713665772028
8516.388828750813,2.3958979544154237
8525.936349859277,1.4882840369919983
8535.483870967742,4.994244226703293
8545.031392076207,7.659480688297369
8554.578913184672,8.214740863495644
8564.126434293137,6.750167837985145
8573.673955401602,5.104361302284998
8583.221476510067,6.186563501553459
8592.768997618532,8.174070611999394
8602.316518726997,8.379001765906718
8611.864039835462,7.679922022623858
8621.411560943927,6.887799140869418
8630.959082052392,8.843112107620854
8640.506603160857,13.338195654947265
8650.054124269322,17.09415132207424
8659.601645377787,17.456369119675
8669.149166486253,14.617466479804245
8678.696687594718,10.439502677993078
8688.244208703183,6.707275868511546
8697.791729811648,7.738585315186873
8707.339250920113,12.438590096854462
8716.886772028578,14.565279893557333
8726.434293137043,13.865275285411508
8735.981814245508,12.399765002688262
8745.529335353973,8.706773598547963
8755.076856462438,3.8386011514112623
8764.624377570903,4.212421310970877
8774.171898679368,6.319987891045711
8783.719419787833,5.726308313824609
8793.266940896297,3.626283032398573
8802.814462004762,1.4338858329806248
8812.361983113227,1.115778415348348
8821.909504221692,1.4359217557027761
8831.457025330157,1.4986618915748637
8841.004546438624,1.951189265819829
8850.552067547089,1.5927314163060866
8860.099588655554,0.6638309608668618
8869.647109764019,1.7077986335452655
8879.194630872484,2.6366156019598703
8888.742151980949,3.293057256343069
8898.289673089414,3.8181928338366555
8907.837194197878,4.368161698352704
8917.384715306343,4.626841194651408
8926.932236414808,4.265290760902978
8936.479757523273,3.1734929094762676
8946.027278631738,1.3405894348700327
8955.574799740203,1.4925270438420897
8965.122320848668,4.258555813526142
8974.669841957133,5.6281244238928085
8984.217363065598,6.189082179209444
8993.764884174063,8.48000614383055
9003.312405282528,10.372303435916827
9012.859926390995,10.310611095500148
9022.40744749946,8.794076545515017
9031.954968607924,8.51419179309658
9041.50248971639,9.563100255227658
9051.050010824854,10.441533109561984
9060.59753193332,10.187127328151492
9070.145053041784,9.003182470134107
9079.69257415025,5.263717613265032
9089.240095258714,0.11651525961843655
9098.787616367179,5.10726876711995
9108.335137475644,7.9751409174366215
9117.882658584109,7.892164570420523
9127.430179692574,6.405402997762165
9136.977700801039,4.085380306168832
9146.525221909504,3.938099442859087
9156.072743017969,6.1807207433545805
9165.620264126434,6.977680184410814
9175.167785234898,6.186900580921497
9184.715306343365,5.411615010832975
9194.26282745183,4.851974451411863
9203.810348560295,3.8645923103542907
9213.35786966876,1.5564678273464332
9222.905390777225,1.0015915963230009
9232.45291188569,2.4509197544129155
9242.000432994155,3.2132073981100784
9251.54795410262,3.8796935901965353
9261.095475211085,4.459272182401863
9270.64299631955,4.8482415687855145
9280.190517428015,4.70504313550503
9289.73803853648,4.7191958840506105
9299.285559644944,5.433230357037625
9308.83308075341,5.560429300637452
9318.380601861874,4.584682552780751
9327.92812297034,2.6087396197396244
9337.475644078804,1.1966424414257248
9347.02316518727,4.200493778746306
9356.570686295736,6.449980430933789
9366.1182074042,6.746602412883378
9375.665728512666,6.326285139555363
9385.21324962113,6.043644458270977
9394.760770729596,4.780166519160354
9404.30829183806,5.131171800956251
9413.855812946525,5.256315388760468
9423.40333405499,5.021177292541873
9432.950855163455,5.835036108281942
9442.49837627192,5.4369951059012935
9452.045897380385,5.571790561277031
9461.59341848885,7.365198306279861
9471.140939597315,9.056369573634617
9480.68846070578,9.175990489353044
9490.235981814245,7.671503279470711
9499.78350292271,6.029067979361169
9509.331024031175,4.820233064447555
9518.87854513964,3.2579037391242345
9528.426066248107,1.8932936633191162
9537.973587356571,2.595089635968851
9547.521108465036,4.786869561746835
9557.068629573501,6.633650908987854
9566.616150681966,8.71352245163343
9576.163671790431,10.147740944908048
9585.711192898896,11.018359743650596
9595.258714007361,10.997611983068731
9604.806235115826,10.436539312780717
9614.353756224291,8.998440407894309
9623.901277332756,6.699560711579904
9633.44879844122,4.084242472123396
9642.996319549686,0.39196199629849576
9652.54384065815,2.795241787055688
9662.091361766616,4.34169054636176
9671.63888287508,3.09097124197781
9681.186403983545,2.113840269416689
9690.73392509201,2.313188901581794
9700.281446200477,1.994658243249413
9709.828967308942,1.920006452047606
9719.376488417407,1.6959347213596168
9728.924009525872,2.505225939847516
9738.471530634337,4.014495238670708
9748.019051742802,5.438786319531398
9757.566572851267,5.0813438610675945
9767.114093959732,2.898425873841183
9776.661615068197,1.2214479124381799
9786.209136176662,4.144493380978039
9795.756657285126,6.264916274931986
9805.304178393591,6.94919245674453
9814.851699502056,5.936118159579308
9824.399220610521,3.545814256908023
9833.946741718986,1.3764560919731086
9843.494262827451,3.655691634692461
9853.041783935916,7.843029978727971
9862.589305044383,11.330384135125431
9872.136826152848,13.286279107725258
9881.684347261313,14.082421664287166
9891.231868369778,13.77574180749279
9900.779389478243,12.39515702426194
9910.326910586708,10.330363347254
9919.874431695172,8.425268903919147
9929.421952803637,6.980786832714114
9938.969473912102,4.962574983784854
9948.516995020567,3.8632351670746186
9958.064516129032,2.8418374434261553
9967.612037237497,2.059903055533105
9977.159558345962,3.205794040009243
9986.707079454427,3.545614006268113
9996.254600562892,2.9957477526109497
10005.802121671357,3.5525075746133057
10015.349642779822,4.206088479814696
10024.897163888287,4.8316366343577934
10034.444684996753,5.201920449014508
10043.992206105218,3.4657371214587567
10053.539727213683,1.440262407647507
10063.087248322148,3.4312004012620028
10072.634769430613,5.933788987218699
10082.182290539078,8.433931543703627
10091.729811647543,9.222678269955239
10101.277332756008,8.173024376815412
10110.824853864473,5.203150010826097
10120.372374972938,2.1456982835815404
10129.919896081403,1.050063337731007
10139.467417189868,1.37829855571924
10149.014938298333,1.2035155308672338
10158.562459406798,0.5970088011106971
10168.109980515263,2.368333505058467
10177.657501623728,3.549560077730661
10187.205022732192,3.7328140233962426
10196.752543840657,2.771127851372066
10206.300064949124,1.3145886758622087
10215.847586057589,2.2405295387180293
10225.395107166054,4.237585447860894
10234.942628274519,6.0216212719915205
10244.490149382984,6.783656191910199
10254.037670491449,6.982613052641671
10263.585191599914,6.13822756398241
10273.132712708379,5.17216788657022
10282.680233816844,5.550799126090558
10292.227754925309,8.283910156325119
10301.775276033773,10.37616423311527
10311.322797142238,10.89091218199063
10320.870318250703,9.420366900732882
10330.417839359168,6.5571563283879915
10339.965360467633,4.509411581518675
10349.512881576098,5.206695207642298
10359.060402684563,6.395978406945986
10368.607923793028,7.026131637827789
10378.155444901495,7.080637030739694
10387.70296600996,6.814047813993336
10397.250487118425,6.663187684452541
10406.79800822689,6.343471698060723
10416.345529335355,6.002386721119994
10425.89305044382,5.8326031636561515
10435.440571552284,5.337149173395737
10444.98809266075,4.881781432494982
10454.535613769214,4.4510422236588365
10464.08313487768,4.266345109335745
10473.630655986144,4.7525844420607495
10483.178177094609,5.439098753965932
10492.725698203074,5.825176013122809
10502.273219311539,5.858871010863411
10511.820740420004,5.427938615590565
10521.368261528469,4.940336207916503
10530.915782636934,4.568544180100696
10540.463303745399,5.121136020982451
10550.010824853865,5.219090434411824
10559.55834596233,4.4257669493840845
10569.105867070795,3.571943512951131
10578.65338817926,2.994304690270982
10588.200909287725,3.8278706031594245
10597.74843039619,5.752585211200433
10607.295951504655,7.444528145658836
10616.84347261312,8.656170452755257
10626.390993721585,9.860617483523361
10635.93851483005,9.794456761407815
10645.486035938515,8.967889466661672
10655.03355704698,8.18509902171939
10664.581078155445,7.056385278666209
10674.12859926391,5.579821774422631
10683.676120372374,4.663981422721919
10693.22364148084,5.711466273164036
10702.771162589304,7.435486441988762
10712.31868369777,8.980765980172478
10721.866204806236,9.393396206881683
10731.413725914701,7.60787734652099
10740.961247023166,6.095793348740842
10750.50876813163,6.282036565085995
10760.056289240096,7.738989100398965
10769.60381034856,8.189810015116544
10779.151331457026,6.93878285004153
10788.69885256549,5.843108666552771
10798.246373673956,6.091934286919636
10807.79389478242,7.561561136461093
10817.341415890885,8.98097771090109
10826.88893699935,10.182873881382596
10836.436458107815,11.1423452661552
10845.98397921628,11.66950785065234
10855.531500324745,12.240589786166664
10865.07902143321,12.143860472815883
10874.626542541675,10.776593735369811
10884.17406365014,8.701157086088337
10893.721584758607,6.641719170242076
10903.269105867072,4.303284091015222
10912.816626975537,3.554602557065798
10922.364148084001,4.7351764810303525
10931.911669192466,4.852746604746671
10941.459190300931,4.215518231564706
10951.006711409396,5.585707769591426
10960.554232517861,7.472106979268934
10970.101753626326,9.396179598049088
10979.649274734791,10.896607170238422
10989.196795843256,10.398986847682503
10998.744316951721,8.436001728132233
11008.291838060186,6.303350983702544
11017.83935916865,3.566038178268466
11027.386880277116,1.4868016443456467
11036.93440138558,2.2773766416748096
11046.481922494046,3.088564338828115
11056.02944360251,3.3159086288622195
11065.576964710977,3.606306162462661
11075.124485819442,4.492603089806938
11084.672006927907,4.673525232367192
11094.219528036372,3.6676396346978954
11103.767049144837,2.0311221589759256
11113.314570253302,0.6514325907691169
11122.862091361767,1.4640530579831366
11132.409612470232,1.1904297170701517
11141.957133578697,0.7311167771531876
11151.504654687162,1.5412408042300116
11161.052175795627,2.4101119756328093
11170.599696904092,2.5646577657326146
11180.147218012557,2.2544993824228263
11189.694739121021,2.5352640101683335
11199.242260229486,2.560699317292059
11208.789781337951,2.37121278716027
11218.337302446416,1.6271287811686672
11227.884823554881,1.213788718458474
11237.432344663348,2.452985061179006
11246.979865771813,3.0018617274250228
11256.527386880278,2.6625306501233124
11266.074907988743,1.7605057283335412
11275.622429097208,1.67168184031843
11285.169950205673,2.3881340898554697
11294.717471314138,2.604095298253034
11304.264992422603,2.88062369806244
11313.812513531067,2.978186435134275
11323.360034639532,2.5664456369028588
11332.907555747997,3.016817666551496
11342.455076856462,4.732026301296054
11352.002597964927,5.944651918341891
11361.550119073392,5.9048971260423935
11371.097640181857,5.015115135572467
11380.645161290322,3.753510204784476
11390.192682398787,2.6963998907293543
11399.740203507252,2.6286322540772775
11409.287724615719,2.8913254137516717
11418.835245724184,2.718149318874933
11428.382766832648,3.031285540151831
11437.930287941113,4.240369980068814
11447.477809049578,5.486566397547728
11457.025330158043,5.9480591036672745
11466.572851266508,5.329607444444968
11476.120372374973,4.118136426339809
11485.667893483438,2.7835495142013342
11495.215414591903,2.689717910600789
11504.762935700368,3.41339965426042
11514.310456808833,4.950893312737129
11523.857977917298,5.795108038368668
11533.405499025763,6.1652738609320386
11542.953020134228,5.954666757223306
11552.500541242693,6.565956529961305
11562.048062351158,7.955152980741311
11571.595583459623,9.856281122803217
11581.14310456809,9.232470051581432
11590.690625676554,6.8652203816116275
11600.23814678502,4.006743771319609
11609.785667893484,3.754851648656217
11619.333189001949,5.581634360754029
11628.880710110414,8.041459462250227
11638.428231218879,10.708431514555476
11647.975752327344,12.2066297892373
11657.523273435809,12.987988452378067
11667.070794544274,13.333657188372673
11676.618315652739,11.87016919707058
11686.165836761204,9.131878755007126
11695.713357869668,6.1145041736149235
11705.260878978133,4.181111003094381
11714.808400086598,3.8007098375944577
11724.355921195063,4.065794835385749
11733.903442303528,4.615456604420169
11743.450963411993,5.6579410355890865
11752.99848452046,6.78133903890324
11762.546005628925,7.144043774848198
11772.09352673739,6.856698945740331
11781.641047845855,5.595952363327337
11791.18856895432,3.9545483865784212
11800.736090062785,1.8465466465837999
11810.28361117125,2.432853109384398
11819.831132279714,3.34418784201789
11829.37865338818,2.402134242479443
11838.926174496644,0.9557751124866533
11848.47369560511,1.3362740128672097
11858.021216713574,4.13377483737937
11867.56873782204,6.141113942498162
11877.116258930504,6.741519034929322
11886.663780038969,6.350931344472403
11896.211301147434,6.224895320946615
11905.758822255899,5.802578184236722
11915.306343364364,5.354356036322261
11924.85386447283,6.300225396781936
11934.401385581295,6.892305354616745
11943.94890668976,6.426702751325075
11953.496427798225,5.407288895958974
11963.04394890669,3.756448863807854
11972.591470015155,2.1990129831403324
11982.13899112362,1.1176280346621164
11991.686512232085,1.5482276063828728
12001.23403334055,3.0018477933904166
12010.781554449015,3.7287863334870015
12020.32907555748,4.179285123929831
12029.876596665945,2.982909305796982
12039.42411777441,1.772827819378052
12048.971638882875,1.5264798112118816
12058.51915999134,3.320240483236187
12068.066681099805,4.81298711937943
12077.61420220827,5.91553336045478
12087.161723316734,6.131408578186516
12096.709244425201,6.076462712364869
12106.256765533666,4.7397897951745085
12115.804286642131,2.5474711492838
12125.351807750596,1.3945851610651445
12134.899328859061,3.3320806926805506
12144.446849967526,5.292065769809094
12153.99437107599,6.607872686052591
12163.541892184456,7.036224206093897
12173.08941329292,4.994717352526878
12182.636934401386,1.6316183313869108
12192.18445550985,1.990163616126513
12201.731976618315,4.490453899507817
12211.27949772678,5.954307132505966
12220.827018835245,6.654266932012157
12230.37453994371,6.443625066475496
12239.922061052175,6.230530892293749
12249.46958216064,6.717069247267335
12259.017103269105,6.753429648597086
12268.564624377572,5.862985193299678
12278.112145486037,4.402401884420719
12287.659666594502,3.5320317296404444
12297.207187702967,5.025980212589299
12306.754708811432,6.678516552294213
12316.302229919896,7.033189156387205
12325.849751028361,6.223957407300067
12335.397272136826,4.775153230812316
12344.944793245291,3.5461719326516703
12354.492314353756,2.549709132214468
12364.039835462221,1.87023608471775
12373.587356570686,1.1603904934457736
12383.134877679151,1.085212879388459
12392.682398787616,1.6935430304911934
12402.22991989608,2.8358958827008927
12411.777441004546,3.708649973018617
12421.32496211301,4.301488020859885
12430.872483221476,4.059549943988307
12440.420004329942,3.3332911501732996
12449.967525438407,2.2022574883124197
12459.515046546872,2.077415105411212
12469.062567655337,3.356414476558374
12478.610088763802,4.3778982429079445
12488.157609872267,4.579100711414181
12497.705130980732,3.5255570805114265
12507.252652089197,2.7965678744415303
12516.800173197662,1.8806101777209847
12526.347694306127,1.4245625246360434
12535.895215414592,4.480335937091799
12545.442736523057,7.5477450807286415
12554.990257631522,9.523188134128176
12564.537778739987,10.456171209535036
12574.085299848452,9.650968669495702
12583.632820956916,8.007174700133524
12593.180342065381,6.666990519065146
12602.727863173846,5.512168781608367
12612.275384282313,3.8685335186451724
12621.822905390778,1.8102402257112598
12631.370426499243,0.8889447300972505
12640.917947607708,3.123361131008866
12650.465468716173,4.45203994714326
12660.012989824638,5.645233099393532
12669.560510933103,6.916404283498121
12679.108032041568,7.8398527832342895
12688.655553150033,8.304936295854244
12698.203074258498,7.872439887320409
12707.750595366962,6.4239087535893065
12717.298116475427,4.42257047960332
12726.845637583892,2.600439999189806
12736.393158692357,3.3282573334370493
12745.940679800822,6.280677587095682
12755.488200909287,8.665464661553667
12765.035722017752,9.932024722048153
12774.583243126217,8.83835023268042
12784.130764234684,6.452266123136886
12793.678285343149,3.155399001168407
12803.225806451614,2.0155737278542305
12812.773327560079,4.091124986499622
12822.320848668543,5.599428025451475
12831.868369777008,4.735797526195174
12841.415890885473,2.6356257476412317
12850.963411993938,1.1051085780882084
12860.510933102403,2.0023567341791306
12870.058454210868,3.435643013640066
12879.605975319333,4.063494809373283
12889.153496427798,4.0814191187585855
12898.701017536263,3.4628343338037966
12908.248538644728,2.8341784640964582
12917.796059753193,2.6095282987293325
12927.343580861658,2.9972013100857606
12936.891101970123,3.1542150154597066
12946.438623078588,4.215168408485969
12955.986144187054,5.867686673424606
12965.53366529552,7.103860295412262
12975.081186403984,6.9889872011456005
12984.62870751245,6.693799338585811
12994.176228620914,5.4616451645505775
13003.723749729379,3.0385002238272123
13013.271270837844,0.9564661567592394
13022.818791946309,2.6210295785318234
13032.366313054774,4.068751015849095
13041.913834163239,5.193357700188652
13051.461355271704,6.113972658596152
13061.008876380169,5.697389949274607
13070.556397488634,4.233285657204627
13080.103918597099,2.96608474067676
13089.651439705563,3.4867629339829493
13099.198960814028,3.905984488478617
13108.746481922493,3.998952714443722
13118.294003030958,3.6973007250855305
13127.841524139425,2.435488930966098
13137.38904524789,1.3505879877959959
13146.936566356355,2.4961588390272142
13156.48408746482,3.7997539080579177
13166.031608573285,4.194636447501179
13175.57912968175,4.363229961003513
13185.126650790215,4.6452966252731285
13194.67417189868,5.8171371224442305
13204.221693007144,7.294394227438606
13213.76921411561,7.930428655098874
13223.316735224074,7.548190904066759
13232.86425633254,5.921371049250247
13242.411777441004,4.87380489589791
13251.95929854947,4.288473161131284
13261.506819657934,4.480168951860657
13271.054340766399,4.436020599580033
13280.601861874864,4.661296452597947
13290.149382983329,4.557774248153011
13299.696904091796,4.475518981901316
13309.24442520026,4.295375544977024
13318.791946308726,4.09618203358926
13328.33946741719,3.7837630671305895
13337.886988525655,3.210450978970022
13347.43450963412,2.3644018638414424
13356.982030742585,1.8814484943449359
13366.52955185105,2.9743106888067374
13376.077072959515,4.828485862830999
13385.62459406798,6.430260145604336
13395.172115176445,7.4968759058181496
13404.71963628491,7.868229246810634
13414.267157393375,8.132454466471916
13423.81467850184,8.132521409708202
13433.362199610305,7.974403387893624
13442.90972071877,6.615194133902802
13452.457241827235,4.680188555468711
13462.0047629357,2.6452289389895305
13471.552284044166,1.061306825670955
13481.099805152631,0.691684246403334
13490.647326261096,2.0021783702068676
13500.194847369561,3.825240249590925
13509.742368478026,5.243351939996252
13519.289889586491,5.4276199666862155
13528.837410694956,4.655704324204764
13538.38493180342,3.231576382275875
13547.932452911886,4.1806456193129735
13557.47997402035,5.887735272233485
13567.027495128816,6.706187057051344
13576.57501623728,6.896513275532261
13586.122537345746,7.069038702150845
13595.67005845421,6.5930293825553274
13605.217579562675,5.365013944724022
13614.76510067114,3.890118164339656
13624.312621779605,2.8076030445178315
13633.86014288807,2.315343010386019
13643.407663996537,1.9745307529791878
13652.955185105002,1.660803636628608
13662.502706213467,1.4859957999305797
13672.050227321932,1.0349691163144443
13681.597748430397,0.8930005446593832
13691.145269538862,0.9710403225452692
13700.692790647327,0.9725445727855697
13710.240311755791,0.8228485847054706
13719.787832864256,0.5414952871567947
13729.335353972721,0.6718246958132202
13738.882875081186,1.510468557465982
13748.430396189651,2.1638739223555414
13757.977917298116,2.1786652794600365
13767.525438406581,2.330034729311459
13777.072959515046,3.250246141167166
13786.620480623511,4.991537654242548
13796.168001731976,7.239073704353783
13805.71552284044,8.963777799868085
13815.263043948908,9.39414295467095
13824.810565057373,7.958915019411691
13834.358086165837,6.449085222502085
13843.905607274302,5.250702692528099
13853.453128382767,4.409743565152996
13863.000649491232,3.2076177933834793
13872.548170599697,2.4559122087801417
13882.095691708162,2.8281552719683427
13891.643212816627,4.580476218995226
13901.190733925092,6.932814510840667
13910.738255033557,9.173761296543399
13920.285776142022,9.608597438887614
13929.833297250487,8.743935338233355
13939.380818358952,6.278599239718807
13948.928339467417,3.333855784038123
13958.475860575882,1.8994163680684968
13968.023381684347,4.915096696982157
13977.570902792811,7.303231541435657
13987.118423901278,8.534305382180028
13996.665945009743,9.14246804723943
14006.213466118208,9.249265382556485
14015.760987226673,9.054818607598147
14025.308508335138,8.47171153268368
14034.856029443603,7.53410509561463
14044.403550552068,5.898410566254094
14053.951071660533,4.090430128363291
14063.498592768998,3.2177665643199136
14073.046113877463,4.278536256058559
14082.593634985928,5.460529112051649
14092.141156094392,5.7558832393197825
14101.688677202857,4.6837321506200515
14111.236198311322,3.1447209835171623
14120.783719419787,1.373156273427688
14130.331240528252,0.9358232142719894
14139.878761636717,2.1612736494704365
14149.426282745182,3.0165377358962213
14158.973803853649,2.7795270852592395
14168.521324962114,2.505601229894689
14178.068846070579,2.9595691520808187
14187.616367179044,3.491679852539033
14197.163888287509,3.811733709691275
14206.711409395974,3.52302374269266
14216.258930504438,2.7782319201398824
14225.806451612903,2.780426668007448
14235.353972721368,4.34908315201332
14244.901493829833,4.99026642671006
14254.449014938298,4.57500717372743
14263.996536046763,4.532756979694327
14273.544057155228,5.500024989687126
14283.091578263693,6.622461639483435
14292.639099372158,6.642440085858123
14302.186620480623,4.767650066819346
14311.734141589088,1.7956419389704383
14321.281662697553,2.730589625752443
14330.82918380602,6.782528942990947
14340.376704914484,9.834975790473825
14349.92422602295,11.357341048453174
14359.471747131414,10.392692854829138
14369.01926823988,8.165956916504907
14378.566789348344,4.991576877922505
14388.11431045681,2.0465873976228126
14397.661831565274,1.1114317993179337
14407.209352673739,2.4770830982614536
14416.756873782204,2.745617316075512
14426.304394890669,2.404000853910525
14435.851915999134,2.5111266174966795
14445.399437107599,2.6320671148251398
14454.946958216064,1.924047411056414
14464.494479324529,0.45916440812601506
14474.042000432994,0.9342055107842095
14483.589521541458,2.2248585481283496
14493.137042649923,3.3719513899585487
14502.68456375839,4.373529706915321
14512.232084866855,4.358150225768315
14521.77960597532,3.656043732076384
14531.327127083785,2.9388333392081654
14540.87464819225,3.82854170138228
14550.422169300715,4.758819806151833
14559.96969040918,4.449879068036125
14569.517211517645,3.613448382650821
14579.06473262611,3.162873820375048
14588.612253734575,2.617128599428763
14598.15977484304,2.2777672285067205
14607.707295951504,2.4517256539145915
14617.25481705997,3.2481773455469485
14626.802338168434,4.136237698662633
14636.3498592769,5.158881153631387
14645.897380385364,5.342864735699835
14655.44490149383,5.852562685614281
14664.992422602296,6.003416193869453
14674.53994371076,5.143524336256066
14684.087464819226,3.843536771897806
14693.63498592769,2.7593578303092543
14703.182507036156,2.4593941506016823
14712.73002814462,1.9382745820204512
14722.277549253085,1.7765309849148303
14731.82507036155,1.7726332538330336
14741.372591470015,2.3302310234644468
14750.92011257848,4.256792631535881
14760.467633686945,6.055308412374876
14770.01515479541,6.349891297117454
14779.562675903875,5.5572777287134825
14789.11019701234,4.3129681544981775
14798.657718120805,4.020318812384469
14808.20523922927,4.704003694807592
14817.752760337735,4.92902229560654
14827.3002814462,5.112822099511375
14836.847802554666,5.1976081988428
14846.395323663131,4.061933530248482
14855.942844771596,2.249360909209543
14865.490365880061,1.2969724173920059
14875.037886988526,2.389821832439651
14884.585408096991,3.4949040582140913
14894.132929205456,4.057096371611585
14903.680450313921,4.307578194099353
14913.227971422386,3.769968392520702
14922.77549253085,3.5573789924370365
14932.323013639316,2.904022414387962
14941.87053474778,3.0766784390462427
14951.418055856246,2.861559192478818
14960.96557696471,3.0426534852941316
14970.513098073176,3.601883680444656
14980.06061918164,4.010121064765052
14989.608140290105,4.394560610358681
14999.15566139857,5.349377646125831
15008.703182507037,5.703002273133598
15018.250703615502,5.855902650615737
15027.798224723967,4.566454056086929
15037.345745832432,2.6538816818432815
15046.893266940897,1.1519233350744968
15056.440788049362,2.5980535141884906
15065.988309157827,3.999649870120195
15075.535830266292,4.750221225206226
15085.083351374757,4.020082954056663
15094.630872483222,3.2189663742728607
15104.178393591686,1.4240509777056465
15113.725914700151,1.0712534229382409
15123.273435808616,3.2370635468582853
15132.820956917081,5.2432481443663805
15142.368478025546,6.124803924376963
15151.915999134011,6.170277716529958
15161.463520242476,5.421515131064667
15171.011041350941,5.041856046648449
15180.558562459408,5.206436002364928
15190.106083567873,4.938293542732906
15199.653604676338,3.903150505287357
15209.201125784803,3.6557399792615777
15218.748646893268,5.032398964532046
15228.296168001732,6.399255285687062
15237.843689110197,6.848684651361831
15247.391210218662,6.015711689725865
15256.938731327127,4.027893418664526
15266.486252435592,1.8988723870588387
15276.033773544057,0.5435031155824378
15285.581294652522,1.2426885611022551
15295.128815760987,1.6943506677992308
15304.676336869452,1.6767448631114545
15314.223857977917,1.364785818963543
15323.771379086382,1.0638062479789783
15333.318900194847,0.6860635377187216
15342.866421303312,0.6927082352821184
15352.413942411778,1.7167311771780756
15361.961463520243,2.4716304857111275
15371.508984628708,2.771504281956171
15381.056505737173,2.5379320415269366
15390.604026845638,2.061747658972717
15400.151547954103,1.453158226858207
15409.699069062568,1.2273164049494052
15419.246590171033,1.335188094933236
15428.794111279498,1.9988089246562748
15438.341632387963,2.549649468589309
15447.889153496428,1.9557617133710339
15457.436674604893,1.2541769371086358
15466.984195713358,2.651626484323597
15476.531716821823,4.391430026148056
15486.079237930287,5.1305794017962265
15495.626759038752,5.60228827833998
15505.174280147217,5.087939407075058
15514.721801255682,4.346728539658536
15524.269322364149,3.584067441963863
15533.816843472614,3.246401368965382
15543.364364581079,3.4905552769521098
15552.911885689544,4.158266902637892
15562.459406798009,4.272366367824605
15572.006927906474,4.385521655724948
15581.554449014939,4.516751397733626
15591.101970123404,4.474247239042844
15600.649491231869,4.606447503203116
15610.197012340333,5.320384968760041
15619.744533448798,5.631603751814464
15629.292054557263,6.269209504787511
15638.839575665728,6.148069827515727
15648.387096774193,5.2814690474633155
15657.934617882658,4.4352890073628615
15667.482138991123,3.9697502844401686
15677.029660099588,3.387711621667869
15686.577181208053,2.788979208863834
15696.12470231652,1.3182001564897574
15705.672223424985,1.216526589382078
15715.21974453345,2.850630764503844
15724.767265641914,3.8097540475231786
15734.31478675038,3.9063903846969557
15743.862307858844,3.270958701261412
15753.40982896731,2.878286401696603
15762.957350075774,2.79804138725171
15772.50487118424,3.0636769323038213
15782.052392292704,3.2844230852007104
15791.599913401169,3.711522403935271
15801.147434509634,3.6403975870309013
15810.694955618099,4.102646836075369
15820.242476726564,4.601779245402687
15829.789997835029,5.1756923193998094
15839.337518943494,5.568778856827096
15848.885040051959,5.381338407178198
15858.432561160424,4.500338727653277
15867.98008226889,3.588562849579413
15877.527603377355,2.8247493554071603
15887.07512448582,3.0941940968758184
15896.622645594285,3.2649614997463927
15906.17016670275,3.730829928326609
15915.717687811215,3.375047298387262
15925.26520891968,2.4556176068029387
15934.812730028145,2.122629506077355
15944.36025113661,5.1889402859988305
15953.907772245075,8.499447081277612
15963.45529335354,10.70939786113179
15973.002814462005,11.066102987916524
15982.55033557047,10.081785863027298
15992.097856678934,7.220059211511414
16001.6453777874,3.830634709766455
16011.192898895864,1.5569215321027297
16020.74042000433,2.4943265722696433
16030.287941112794,3.528428257835661
16039.835462221261,3.9924743203395816
16049.382983329726,3.4887283375084337
16058.93050443819,3.020002819575234
16068.478025546656,2.8604271161893733
16078.02554665512,3.5163783776641404
16087.573067763586,3.137433729239626
16097.12058887205,2.5746491683943766
16106.668109980516,2.2257012374361196
16116.21563108898,2.049867443710691
16125.763152197445,2.134080776915168
16135.31067330591,1.633696737444647
16144.858194414375,0.7230068947208264
16154.40571552284,0.9578774536992501
16163.953236631305,1.4068520351917273
16173.50075773977,1.768908363712385
16183.048278848235,1.8131807453104092
16192.5957999567,1.7284698920579173
16202.143321065165,2.0622009731538236
16211.690842173632,2.7051105832903692
16221.238363282097,3.7253993197365842
16230.785884390561,4.839743259484547
16240.333405499026,5.856539067111883
16249.880926607491,6.2503545873564645
16259.428447715956,5.4626832078017475
16268.975968824421,3.8943377736901783
16278.523489932886,1.8309436597700022
16288.071011041351,2.018321828200425
16297.618532149816,3.4595540333961283
16307.166053258281,4.270130980439208
16316.713574366746,4.00170103614009
16326.26109547521,2.824587527119008
16335.808616583676,1.3993194516428404
16345.35613769214,0.3038660232151755
16354.903658800606,0.8767161927131186
16364.45117990907,1.5557584436727885
16373.998701017535,3.1688666243615162
16383.546222126002,4.353954339927072
16393.093743234465,4.357125585129814
16402.641264342932,5.1216204440286575
16412.188785451395,6.502512395290136
16421.736306559862,7.936392615908912
16431.283827668325,7.720392996351418
16440.831348776792,6.350101868794417
16450.378869885255,5.173018623308342
16459.92639099372,3.90172939091484
16469.47391210219,4.115039641330225
16479.02143321065,5.081988863648985
16488.56895431912,6.495976045575766
16498.11647542758,7.427914281788503
16507.66399653605,7.7311889042787865
16517.21151764451,7.092545609423775
16526.759038752978,5.513980085860443
16536.30655986144,3.6635019409061473
16545.854080969908,3.2772940636829286
16555.40160207837,3.8532082891949018
16564.949123186838,3.5815049714925347
16574.4966442953,2.5537475765279
16584.044165403768,1.1069653129317862
16593.59168651223,1.115008487071356
16603.139207620698,2.3476066743649215
16612.68672872916,2.519495616251045
16622.234249837627,2.1420659815983565
16631.78177094609,1.5008775950951987
16641.329292054557,0.5381439039708065
16650.876813163024,0.42740972609030287
16660.424334271487,1.1595466303576007
16669.971855379954,1.9824234126349598
16679.519376488417,2.278959400689822
16689.066897596884,2.0322517789773293
16698.614418705347,1.859194637424583
16708.161939813814,1.7862882376893197
16717.709460922277,1.7859327387688384
16727.256982030744,1.2208597456094847
16736.804503139207,0.7983716219246046
16746.352024247673,1.0956911669807288
16755.899545356137,1.9974194946787982
16765.447066464603,2.4578965627403795
16774.994587573066,2.920158218274285
16784.542108681533,2.69694912214684
16794.089629789996,2.2147834212960404
16803.637150898463,1.2609581260847742
16813.18467200693,0.6532485844403496
16822.732193115393,1.8920835372162994
16832.27971422386,3.050464412442856
16841.827235332323,3.371868207420652
16851.37475644079,2.734786157340101
16860.922277549253,1.2225993506990638
16870.46979865772,0.3360730951466649
16880.017319766182,1.6429758958705667
16889.56484087465,3.2736139715207555
16899.112361983112,4.894719936367223
16908.65988309158,5.648564793468074
16918.207404200042,5.501849426804746
16927.75492530851,4.265146703434146
16937.302446416972,2.101625974310308
16946.84996752544,2.611518922958027
16956.397488633902,4.602292040496727
16965.94500974237,6.171825130429408
16975.492530850832,5.687548403680058
16985.0400519593,4.752434112217734
16994.587573067765,3.6607383682243753
17004.13509417623,2.5822355087775426
17013.682615284695,2.2959876300350763
17023.23013639316,2.130470521366994
17032.777657501625,1.9572323858739045
17042.32517861009,3.256218304210859
17051.872699718555,4.668760771363497
17061.420220827018,6.30015201586125
17070.967741935485,7.497683931794036
17080.515263043948,8.321605598050033
17090.062784152415,7.993883650707667
17099.610305260878,7.372074566943954
17109.157826369345,6.761976338086531
17118.705347477808,6.196257219258476
17128.252868586274,7.00889355739328
17137.800389694738,7.688398119287834
17147.347910803204,7.095167306094084
17156.89543191167,4.942657697464925
17166.442953020134,3.75976750339714
17175.9904741286,3.6732932160597898
17185.537995237064,4.754864542405676
17195.08551634553,5.794760492730278
17204.633037453994,7.11569040671188
17214.18055856246,7.589851440802434
17223.728079670924,6.451832542520414
17233.27560077939,5.01008563629416
17242.823121887854,2.8464189961570785
17252.37064299632,0.9148261770474155
17261.918164104784,0.9967730493719476
17271.46568521325,2.3663651442310254
17281.013206321713,3.0810432886149695
17290.56072743018,3.821073200851318
17300.108248538643,4.035169044457298
17309.65576964711,3.8073286757808686
17319.203290755573,2.6129677680950794
17328.75081186404,2.136215243251455
17338.298332972507,2.8712774896846844
17347.84585408097,3.268489265948931
17357.393375189436,3.683780488161618
17366.9408962979,3.800071532690543
17376.488417406366,3.6051653693851846
17386.03593851483,3.100535216554696
17395.583459623296,2.3596752131680967
17405.13098073176,2.2452512638022157
17414.678501840226,2.4161780203374232
17424.22602294869,1.9487419041380583
17433.773544057156,1.6934159880236552
17443.32106516562,0.7961601783736441
17452.868586274086,0.523434124693956
17462.41610738255,0.7665791638269738
17471.963628491016,0.6832512477100477
17481.51114959948,0.70762516277486
17491.058670707946,1.0321274616956029
17500.606191816412,2.202079147048074
17510.153712924875,3.1677174478718335
17519.701234033342,4.616367685185831
17529.248755141805,4.893914900547737
17538.796276250272,4.337366752810764
17548.343797358735,3.0882035885449057
17557.891318467202,1.2243325375572507
17567.438839575665,1.8698769642018016
17576.98636068413,3.5068191286397288
17586.533881792595,3.7980523626854987
17596.08140290106,3.2917932616030674
17605.628924009525,2.8263793784880136
17615.17644511799,2.3811220645550746
17624.723966226455,2.6360886374613215
17634.27148733492,3.616318028188654
17643.819008443385,4.433967887106214
17653.36652955185,4.566685362241177
17662.914050660314,4.306385329358943
17672.46157176878,2.583310629703571
17682.009092877248,2.0106931398873518
17691.55661398571,2.4077289789739167
17701.104135094178,3.1935593304721337
17710.65165620264,3.6388743904553476
17720.199177311108,4.0173328424858195
17729.74669841957,3.299280397893687
17739.294219528038,1.8571833322213023
17748.8417406365,0.4642790674519387
17758.389261744967,1.4439024724262257
17767.93678285343,3.054772524543691
17777.484303961897,4.91681164326677
17787.03182507036,5.622085017996577
17796.579346178827,5.5915564456179405
17806.12686728729,4.052340610158339
17815.674388395757,2.110825214038217
17825.22190950422,0.38823688963967723
17834.769430612687,1.0079717701782225
17844.316951721154,2.167227747452634
17853.864472829617,3.1924386910309783
17863.411993938083,4.199613308678052
17872.959515046547,3.636931399927503
17882.507036155013,2.620523899336084
17892.054557263476,1.8146596222344442
17901.602078371943,2.7361415439237997
17911.149599480406,3.2285692020674355
17920.697120588873,3.1370574329498835
17930.244641697336,2.4057796448859805
17939.792162805803,1.8747543206171857
17949.339683914266,2.1909915713647736
17958.887205022733,2.6602525350401045
17968.434726131196,2.3148443405111823
17977.982247239663,2.6343345350480645
17987.529768348126,2.949377615712111
17997.077289456593,3.382784446957519
18006.624810565056,4.339432937987228
18016.172331673522,4.900951228719038
18025.71985278199,4.603280241323408
18035.267373890452,3.228493804542625
18044.81489499892,1.4541953134005898
18054.362416107382,1.9807398200567763
18063.90993721585,3.2553697514889532
18073.457458324312,4.053408496389562
18083.00497943278,3.388976774806609
18092.552500541242,1.5725623389412824
18102.10002164971,1.2326967440823984
18111.64754275817,3.347503731847325
18121.19506386664,5.020067987686871
18130.7425849751,5.6804087334943025
18140.29010608357,5.890733375101377
18149.83762719203,5.899155158596047
18159.3851483005,5.58119535473557
18168.93266940896,4.625168835693731
18178.480190517428,3.020320639078918
18188.027711625895,2.1684459087487085
18197.575232734358,4.143212958135171
18207.122753842825,6.323029809985804
18216.670274951288,7.456288343802442
18226.217796059755,7.753771435104734
18235.765317168218,7.106360246232529
18245.312838276684,5.578275144127857
18254.860359385148,2.9754348658919114
18264.407880493614,0.6081817533670749
18273.955401602077,1.7382463039948726
18283.502922710544,2.9986734962583896
18293.050443819007,3.1702666470025354
18302.597964927474,3.0969621537693612
18312.145486035937,2.1617144418810215
18321.693007144404,2.879389493538011
18331.240528252867,4.527021835877316
18340.788049361334,5.095076283539916
18350.335570469797,4.6919719629040255
18359.883091578264,3.760715649533529
18369.43061268673,3.303445152352831
18378.978133795194,3.2249164021603147
18388.52565490366,2.766143426837687
18398.073176012123,2.072793830038942
18407.62069712059,1.2157190634466026
18417.168218229053,1.6750510339715148
18426.71573933752,2.746328642254733
18436.263260445983,3.580027137688155
18445.81078155445,3.8909106783056786
18455.358302662913,3.749345201216922
18464.90582377138,3.0793010478788747
18474.453344879843,2.3481066893681
18484.00086598831,2.2542148755307765
18493.548387096773,1.9623617013349663
18503.09590820524,1.5881684023103442
18512.643429313703,0.8942938865074874
18522.19095042217,1.1886800653128202
18531.738471530636,1.1046467249753242
18541.2859926391,1.2070167380734023
18550.833513747566,1.3936817695509383
18560.38103485603,1.7903563794323054
18569.928555964496,1.9154438917997318
18579.47607707296,2.0580011983539266
18589.023598181426,2.4104202938398536
18598.57111928989,2.980823418956611
18608.118640398356,3.321203741130356
18617.66616150682,3.688444678767833
18627.213682615286,3.5349777480632
18636.76120372375,3.1551603152832963
18646.308724832215,2.4592745390614525
18655.85624594068,2.2351037369206073
18665.403767049145,2.059330162453851
18674.95128815761,1.1998511958586013
18684.498809266075,0.7257319832674773
18694.04633037454,0.18167833360543198
18703.593851483005,0.4894814793334057
18713.14137259147,1.2223773748633906
18722.688893699935,2.627714434231591
18732.2364148084,3.408770885656917
18741.783935916865,4.470288561803529
18751.33145702533,5.332335966361216
18760.878978133795,5.844265490554049
18770.42649924226,5.646705308783109
18779.974020350724,4.507936758943258
18789.52154145919,3.0242307494139133
18799.069062567654,2.5780446093073777
18808.61658367612,3.1234069026796147
18818.164104784584,3.162073996847884
18827.71162589305,2.4626014930944713
18837.259147001514,2.636608787430039
18846.80666810998,3.464548364787978
18856.354189218444,3.546521091662108
18865.90171032691,3.8695807404301528
18875.449231435377,4.456483485327577
18884.99675254384,4.494496943254379
18894.544273652307,4.597501540894097
18904.09179476077,4.681488672490835
18913.639315869237,4.054568082585139
18923.1868369777,3.6165262552424506
18932.734358086167,3.495951565459337
18942.28187919463,2.7202931916868405
18951.829400303097,2.6802588036621295
18961.37692141156,3.138190939866562
18970.924442520027,2.5183930635776344
18980.47196362849,2.5971050543315073
18990.019484736957,2.9021590216212507
18999.56700584542,4.256213887414997
19009.114526953887,5.695764176738794
19018.66204806235,5.848673802784258
19028.209569170816,4.936411034020097
19037.75709027928,3.612713532414392
19047.304611387746,1.835815903027845
19056.852132496213,0.40388012538992346
19066.399653604676,0.907778704090145
19075.947174713143,1.197657377631082
19085.494695821606,1.5139568234342076
19095.042216930073,2.177875994416589
19104.589738038536,3.611616679510028
19114.137259147003,3.80258621162742
19123.684780255466,3.1884849564125877
19133.232301363932,2.0219569471788135
19142.779822472396,0.9353608769248151
19152.327343580862,1.5105998982942341
19161.874864689325,2.049290826597154
19171.422385797792,2.201286360492755
19180.969906906255,2.195391334806194
19190.517428014722,2.460796854395591
19200.064949123185,3.0853883949094167
19209.612470231652,3.791839306027489
19219.15999134012,4.16558480216373
19228.707512448582,4.072986112548484
19238.25503355705,2.9870846568718283
19247.80255466551,1.9691540918950214
19257.35007577398,1.227827052017537
19266.89759688244,1.3918472741762176
19276.44511799091,1.76463272347822
19285.99263909937,1.956491895006872
19295.54016020784,2.107213918015903
19305.0876813163,2.657841577710296
19314.635202424768,2.7118521488221163
19324.18272353323,2.8959624768018504
19333.730244641698,2.387753302428461
19343.27776575016,2.2519869523259683
19352.825286858628,2.2738825137398093
19362.37280796709,2.1141912060743175
19371.920329075558,2.0989759268723867
19381.46785018402,1.8436480070418346
19391.015371292488,1.1584582442449316
19400.562892400954,1.1559122561921298
19410.110413509417,1.2840084652501444
19419.657934617884,1.293797103389006
19429.205455726347,2.0642746382716743
19438.752976834814,2.527718736880048
19448.300497943277,2.822245424478239
19457.848019051744,2.3212411822021077
19467.395540160207,2.4313829922610286
19476.943061268674,2.3568627735717107
19486.490582377137,2.183189978207101
19496.038103485604,1.9013931724436328
19505.585624594067,1.8718516919568737
19515.133145702534,1.3638593622920523
19524.680666810997,0.7538740264997171
19534.228187919463,0.6580057567693489
19543.775709027926,1.036019153672878
19553.323230136393,1.415935960895016
19562.87075124486,1.4294722877286072
19572.418272353323,0.7072577029219139
19581.96579346179,0.5974552878793059
19591.513314570253,1.618134209920718
19601.06083567872,2.418192573648727
19610.608356787183,2.614186007094623
19620.15587789565,2.5748463636427554
19629.703399004113,2.3750522743037727
19639.25092011258,1.5685528266750635
19648.798441221043,0.934172779475242
19658.34596232951,1.2768748874248406
19667.893483437972,3.064256548027968
19677.44100454644,4.589178502376677
19686.988525654902,5.785682333774488
19696.53604676337,6.517494238824398
19706.083567871832,6.50813112353578
19715.6310889803,5.46794770137901
19725.178610088766,4.106670945314136
19734.72613119723,2.297993121004333
19744.273652305696,0.7985913709398034
19753.82117341416,1.5027906399299733
19763.368694522625,2.4051932221363184
19772.91621563109,3.2978857815297755
19782.463736739555,3.7128594251786553
19792.01125784802,4.166344642038121
19801.558778956485,4.037591423823511
19811.10630006495,3.496725905832611
19820.653821173415,2.9871430118234628
19830.201342281878,2.2034479424451305
19839.748863390345,1.75401051547816
19849.296384498808,1.3465733395391535
19858.843905607275,1.1545956054707567
19868.391426715738,0.8122395708202963
19877.938947824205,0.8498881834907249
19887.486468932668,1.3633254682507223
19897.033990041135,1.48359130738072
19906.5815111496,1.773090403163542
19916.129032258064,1.6600235463503124
19925.67655336653,1.4759614937872836
19935.224074474994,1.59820566680624
19944.77159558346,1.7074359473970437
19954.319116691924,2.4510066870217337
19963.86663780039,3.062081911686557
19973.414158908854,3.1122345063170673
19982.96168001732,3.1730592457829205
19992.509201125784,3.2941404173731277
20002.05672223425,3.465566198681965
20011.604243342714,3.5143002809388255
20021.15176445118,3.5229639888988733
20030.699285559644,3.7113419660337232
20040.24680666811,3.1056865350056357
20049.794327776573,2.1199785764587395
20059.34184888504,1.1158752603634232
20068.889369993507,2.094396904483272
20078.43689110197,3.3535951276297324
20087.984412210437,3.780437106286801
20097.5319333189,4.098458238274238
20107.079454427367,3.378310254526886
20116.62697553583,2.1991881194549365
20126.174496644297,0.799324419542902
20135.72201775276,1.7906477753345056
20145.269538861226,2.8225478830329407
20154.81705996969,3.7687405034164243
20164.364581078156,4.023676608092405
20173.91210218662,3.117273488696429
20183.459623295086,2.4195918251392254
20193.00714440355,2.066712723020386
20202.554665512016,1.7596137901781173
20212.10218662048,1.6292034372465314
20221.649707728946,1.1558474640202085
20231.19722883741,0.18887272785117726
20240.744749945876,0.6166277276684939
20250.292271054343,1.395958246182665
20259.839792162806,1.3183832673800877
20269.387313271272,1.2256983806887147
20278.934834379736,1.3178752923683488
20288.482355488202,1.4277023286866624
20298.029876596665,1.2136320750667127
20307.577397705132,0.4109417092423198
20317.124918813595,0.5033851685588853
20326.672439922062,0.43083998430597276
20336.219961030525,1.1251907401618921
20345.767482138992,2.132485336105925
20355.315003247455,2.2862435359519875
20364.86252435592,2.8380445489313146
20374.410045464385,3.0175792507884336
20383.95756657285,2.5419984378473535
20393.505087681315,1.8523325205701526
20403.05260878978,0.8097039427743253
20412.60012989825,0.3839939505366907
20422.14765100671,0.9423645217278528
20431.695172115178,1.5187299874264613
20441.24269322364,1.2415831026173532
20450.790214332108,1.1350697504964415
20460.33773544057,0.7764592758786582
20469.885256549038,1.298488943172696
20479.4327776575,1.397546172447609
20488.980298765968,2.4012201456143005
20498.52781987443,2.261648041719346
20508.075340982898,1.8815950932131733
20517.62286209136,1.6126555071161093
20527.170383199827,2.3158925139686466
20536.71790430829,2.7837085547043308
20546.265425416757,3.1976902347471046
20555.81294652522,3.2196327943789567
20565.360467633687,2.8649108382474453
20574.90798874215,2.7614919850783712
20584.455509850617,2.256041694813632
20594.003030959084,2.213222269759836
20603.550552067547,2.0135916853041858
20613.098073176014,1.3472242859278418
20622.645594284477,0.5473517494728909
20632.193115392944,0.5424530934422197
20641.740636501407,1.3568853781513164
20651.288157609873,2.5793238080457344
20660.835678718337,3.6162531131958797
20670.383199826803,4.064098887386765
20679.930720935266,4.035847853783907
20689.478242043733,3.690345402581189
20699.025763152196,3.7789597894806497
20708.573284260663,3.5859244882713464
20718.120805369126,3.1936286339905995
20727.668326477593,2.6961911034167265
20737.215847586056,1.7085807866874267
20746.763368694523,1.245931717946909
20756.31088980299,1.9913755192084703
20765.858410911453,2.658676336855308
20775.40593201992,3.4242458668623335
20784.953453128383,3.398039863153436
20794.50097423685,3.082781162500088
20804.048495345312,2.4592033621305207
20813.59601645378,1.7906634564075228
20823.143537562242,2.0997068978419153
20832.69105867071,2.4101247946466087
20842.238579779172,2.826812286848116
20851.78610088764,2.5530631754019484
20861.333621996102,2.2186727268887534
20870.88114310457,1.717852104994772
20880.428664213032,1.0967403301306522
20889.9761853215,0.9783192308096953
20899.52370642996,0.9520963219386124
20909.07122753843,1.3571183651181296
20918.61874864689,1.4919865513104138
20928.16626975536,1.746609146918487
20937.713790863825,1.4323359042505412
20947.26131197229,0.8287982911055407
20956.808833080755,0.41256965743713053
20966.356354189218,0.386695405137895
20975.903875297685,0.7690127212470392
20985.451396406148,1.0108258605442342
20994.998917514615,1.2695361647927477
21004.546438623078,1.3354921605881624
21014.093959731545,1.5673986826540303
21023.641480840008,1.879252005633479
21033.189001948474,2.1543083594375454
21042.736523056938,2.200531413719821
21052.284044165404,2.806332642748708
21061.831565273867,3.244480570286027
21071.379086382334,3.318600469209591
21080.926607490797,2.568619617217635
21090.474128599264,1.9002948004003781
21100.02164970773,0.7491742304303523
21109.569170816194,0.37639167049618544
21119.11669192466,1.1640025611084872
21128.664213033124,2.2134566651312
21138.21173414159,2.3459791070765292
21147.759255250054,2.7230490276108696
21157.30677635852,2.721035794000861
21166.854297466984,2.992989392984299
21176.40181857545,2.3377633965540623
21185.949339683913,1.7602375448625056
21195.49686079238,1.8455915399633984
21205.044381900843,2.334864613264128
21214.59190300931,2.987112037379582
21224.139424117773,3.612111359523502
21233.68694522624,3.996303755133554
21243.234466334703,3.6417692022583217
21252.78198744317,3.691554192918546
21262.329508551633,2.7093903302809133
21271.8770296601,1.6023265751379496
21281.424550768566,0.2551031317215868
21290.97207187703,0.8821298086277807
21300.519592985496,1.897979034498348
21310.06711409396,2.5302986694351275
21319.614635202426,2.507292070576385
21329.16215631089,2.3780339499766887
21338.709677419356,1.713942350110785
21348.25719852782,1.343737859747479
21357.804719636286,0.8919014299078574
21367.35224074475,1.0332688255123903
21376.899761853216,1.1113922760604942
21386.44728296168,1.706292727167234
21395.994804070146,1.605317630041967
21405.54232517861,1.2464712327869427
21415.089846287075,1.1530692367806399
21424.63736739554,0.5854336851355292
21434.184888504005,0.4624768774412596
21443.732409612472,0.8838973462325699
21453.279930720935,1.1624652505966135
21462.827451829402,1.2304751365000348
21472.374972937865,1.0638070019090629
21481.922494046332,0.7479837884147412
21491.470015154795,0.3943304321019473
21501.01753626326,0.802193827867823
21510.565057371725,1.104118490465432
21520.11257848019,1.6150160323294442
21529.660099588655,1.8363935900995205
21539.20762069712,2.1513443678719515
21548.755141805585,2.169842692053093
21558.30266291405,1.677287019054406
21567.850184022514,1.7388994839219847
21577.39770513098,1.323303790463526
21586.945226239444,0.7256985356538073
21596.49274734791,0.2479761644875689
21606.040268456374,0.6539893146609768
21615.58778956484,1.1246720445166274
21625.135310673308,1.8338463708513002
21634.68283178177,2.159415397576662
21644.230352890238,1.8215951052538744
21653.7778739987,1.929933670271132
21663.325395107167,1.7900496355400357
21672.87291621563,1.5552081348963476
21682.420437324097,0.9343007362679406
21691.96795843256,0.4718532247247644
21701.515479541027,0.27916605259479516
21711.06300064949,0.7654185786217291
21720.610521757957,1.0240581561517634
21730.15804286642,1.0811086587333536
21739.705563974887,1.3286537909070593
21749.25308508335,0.9754091539881514
21758.800606191817,0.660856356541377
21768.34812730028,0.2808926261603308
21777.895648408747,0.9735208964046973
21787.443169517213,1.665339020435698
21796.990690625677,2.085179980457142
21806.538211734143,2.535545310123895
21816.085732842606,2.4813462963984834
21825.633253951073,2.4450161068482332
21835.180775059536,2.398815753682146
21844.728296168003,2.184251280224701
21854.275817276466,1.689032598793314
21863.823338384933,1.4291163328968082
21873.370859493396,0.8986268357470142
21882.918380601863,1.060138450801801
21892.465901710326,1.0012310266300914
21902.013422818793,0.9529775223064283
21911.560943927256,1.0307793491749475
21921.108465035722,0.8262864531790599
21930.655986144186,0.5595834719841507
21940.203507252652,0.679478538044853
21949.751028361115,0.9677598765358157
21959.298549469582,0.8133887243105327
21968.84607057805,0.9690329198601326
21978.393591686512,1.3812187233785755
21987.94111279498,1.3967235723730045
21997.488633903442,1.3011144696483468
22007.03615501191,0.8841962166205786
22016.583676120372,0.687941541768398
22026.13119722884,0.9380517524767837
22035.6787183373,0.968021547162989
